{
  "timestamp": "2025-08-02T03:16:48.674746",
  "memory_integrity": {
    "required_files_present": 5,
    "total_required": 5,
    "missing_files": [],
    "file_sizes": {
      "persona.md": 935,
      "relationship_dynamics.md": 793,
      "technical_domains.md": 661,
      "stylistic_voice.md": 527,
      "runtime_observations.jsonl": 632
    },
    "completeness_percentage": 100.0
  },
  "file_completeness": {
    "persona.md": {
      "word_count": 143,
      "line_count": 23,
      "has_content": true,
      "content_quality": "good"
    },
    "technical_domains.md": {
      "word_count": 102,
      "line_count": 22,
      "has_content": true,
      "content_quality": "good"
    },
    "stylistic_voice.md": {
      "word_count": 81,
      "line_count": 18,
      "has_content": true,
      "content_quality": "good"
    },
    "relationship_dynamics.md": {
      "word_count": 126,
      "line_count": 21,
      "has_content": true,
      "content_quality": "good"
    }
  },
  "git_health": {
    "is_clean": false,
    "uncommitted_changes": 3,
    "git_available": true
  },
  "backup_status": {
    "backup_configured": false,
    "error": "No backup stats found"
  },
  "recommendations": [
    {
      "priority": "high",
      "category": "backup",
      "message": "Automated backups not configured. Run daily_backup.sh to initialize."
    }
  ]
}